employeeId,name,email,phone,password,role,departmentName
002,Ahmad Raza,ahmad.raza@superior.edu.pk,0320-1234567,1234,DEAN,Department of Computer Science
003,Sara Khan,sara.khan@superior.edu.pk,0320-1234567,1234,HOD,Department of Computer Science
004,Ali Hassan,ali.hassan@superior.edu.pk,0320-1234567,1234,HOD,Department of Software Engineering
005,Kashif Mirza,kashif.mirza@superior.edu.pk,0320-1234567,1234,HOD,Department of Information Technology
006,Ahmed Khan,ahmed.khan@superior.edu.pk,0320-1234567,1234,TEACHER,Department of Computer Science
007,Fatima Khan,fatima.khan@superior.edu.pk,0320-1234567,1234,TEACHER,Department of Computer Science
008,Hassan Khan,hassan.khan@superior.edu.pk,0320-1234567,1234,TEACHER,Department of Computer Science
009,Sana Khan,sana.khan@superior.edu.pk,0320-1234567,1234,TEACHER,Department of Computer Science
010,Usman Khan,usman.khan@superior.edu.pk,0320-1234567,1234,TEACHER,Department of Computer Science
011,Zara Khan,zara.khan@superior.edu.pk,0320-1234567,1234,TEACHER,Department of Computer Science
012,Bilal Khan,bilal.khan@superior.edu.pk,0320-1234567,1234,TEACHER,Department of Computer Science
013,Ayesha Khan,ayesha.khan@superior.edu.pk,0320-1234567,1234,TEACHER,Department of Computer Science
014,Hamza Khan,hamza.khan@superior.edu.pk,0320-1234567,1234,TEACHER,Department of Computer Science
015,Nadia Khan,nadia.khan@superior.edu.pk,0320-1234567,1234,TEACHER,Department of Computer Science
016,Asad Khan,asad.khan@superior.edu.pk,0320-1234567,1234,TEACHER,Department of Computer Science
017,Hina Khan,hina.khan@superior.edu.pk,0320-1234567,1234,TEACHER,Department of Computer Science
018,Omer Khan,omer.khan@superior.edu.pk,0320-1234567,1234,TEACHER,Department of Computer Science
019,Maham Khan,maham.khan@superior.edu.pk,0320-1234567,1234,TEACHER,Department of Computer Science
020,Talha Khan,talha.khan@superior.edu.pk,0320-1234567,1234,TEACHER,Department of Computer Science
021,Rabia Khan,rabia.khan@superior.edu.pk,0320-1234567,1234,TEACHER,Department of Computer Science
022,Kamran Khan,kamran.khan@superior.edu.pk,0320-1234567,1234,TEACHER,Department of Computer Science
023,Zainab Khan,zainab.khan@superior.edu.pk,0320-1234567,1234,TEACHER,Department of Computer Science
024,Danish Khan,danish.khan@superior.edu.pk,0320-1234567,1234,TEACHER,Department of Computer Science
025,Amna Khan,amna.khan@superior.edu.pk,0320-1234567,1234,TEACHER,Department of Computer Science
026,Shahzad Khan,shahzad.khan@superior.edu.pk,0320-1234567,1234,TEACHER,Department of Computer Science
027,Huma Khan,huma.khan@superior.edu.pk,0320-1234567,1234,TEACHER,Department of Computer Science
028,Faisal Khan,faisal.khan@superior.edu.pk,0320-1234567,1234,TEACHER,Department of Computer Science
029,Mehwish Khan,mehwish.khan@superior.edu.pk,0320-1234567,1234,TEACHER,Department of Computer Science
030,Imran Khan,imran.khan@superior.edu.pk,0320-1234567,1234,TEACHER,Department of Computer Science
031,Sadia Khan,sadia.khan@superior.edu.pk,0320-1234567,1234,TEACHER,Department of Computer Science
032,Umar Khan,umar.khan@superior.edu.pk,0320-1234567,1234,TEACHER,Department of Computer Science
033,Noor Khan,noor.khan@superior.edu.pk,0320-1234567,1234,TEACHER,Department of Computer Science
034,Junaid Khan,junaid.khan@superior.edu.pk,0320-1234567,1234,TEACHER,Department of Computer Science
035,Mariam Khan,mariam.khan@superior.edu.pk,0320-1234567,1234,TEACHER,Department of Computer Science
036,Usama Khan,usama.khan@superior.edu.pk,0320-1234567,1234,TEACHER,Department of Computer Science
037,Iqra Khan,iqra.khan@superior.edu.pk,0320-1234567,1234,TEACHER,Department of Computer Science
038,Saad Khan,saad.khan@superior.edu.pk,0320-1234567,1234,TEACHER,Department of Computer Science
039,Maryam Khan,maryam.khan@superior.edu.pk,0320-1234567,1234,TEACHER,Department of Computer Science
040,Tariq Khan,tariq.khan@superior.edu.pk,0320-1234567,1234,TEACHER,Department of Computer Science
041,Hira Khan,hira.khan@superior.edu.pk,0320-1234567,1234,TEACHER,Department of Computer Science
042,Zubair Khan,zubair.khan@superior.edu.pk,0320-1234567,1234,TEACHER,Department of Computer Science
043,Aisha Khan,aisha.khan@superior.edu.pk,0320-1234567,1234,TEACHER,Department of Computer Science
044,Kashif Khan,kashif.khan@superior.edu.pk,0320-1234567,1234,TEACHER,Department of Computer Science
045,Fahad Khan,fahad.khan@superior.edu.pk,0320-1234567,1234,TEACHER,Department of Computer Science
046,Waqar Khan,waqar.khan@superior.edu.pk,0320-1234567,1234,TEACHER,Department of Computer Science
047,Lubna Khan,lubna.khan@superior.edu.pk,0320-1234567,1234,TEACHER,Department of Computer Science
048,Nabeel Khan,nabeel.khan@superior.edu.pk,0320-1234567,1234,TEACHER,Department of Computer Science
049,Samia Khan,samia.khan@superior.edu.pk,0320-1234567,1234,TEACHER,Department of Computer Science
050,Adnan Khan,adnan.khan@superior.edu.pk,0320-1234567,1234,TEACHER,Department of Computer Science
051,Farah Khan,farah.khan@superior.edu.pk,0320-1234567,1234,TEACHER,Department of Computer Science
052,Rizwan Khan,rizwan.khan@superior.edu.pk,0320-1234567,1234,TEACHER,Department of Computer Science
053,Naila Khan,naila.khan@superior.edu.pk,0320-1234567,1234,TEACHER,Department of Computer Science
054,Shoaib Khan,shoaib.khan@superior.edu.pk,0320-1234567,1234,TEACHER,Department of Computer Science
055,Sumera Khan,sumera.khan@superior.edu.pk,0320-1234567,1234,TEACHER,Department of Computer Science
056,Babar Khan,babar.khan@superior.edu.pk,0320-1234567,1234,TEACHER,Department of Computer Science
057,Alina Khan,alina.khan@superior.edu.pk,0320-1234567,1234,TEACHER,Department of Computer Science
058,Mustafa Khan,mustafa.khan@superior.edu.pk,0320-1234567,1234,TEACHER,Department of Computer Science
059,Shazia Khan,shazia.khan@superior.edu.pk,0320-1234567,1234,TEACHER,Department of Computer Science
060,Waseem Khan,waseem.khan@superior.edu.pk,0320-1234567,1234,TEACHER,Department of Computer Science
061,Kiran Khan,kiran.khan@superior.edu.pk,0320-1234567,1234,TEACHER,Department of Computer Science
062,Ejaz Khan,ejaz.khan@superior.edu.pk,0320-1234567,1234,TEACHER,Department of Computer Science
063,Saba Khan,saba.khan@superior.edu.pk,0320-1234567,1234,TEACHER,Department of Computer Science
064,Arslan Khan,arslan.khan@superior.edu.pk,0320-1234567,1234,TEACHER,Department of Computer Science
065,Nimra Khan,nimra.khan@superior.edu.pk,0320-1234567,1234,TEACHER,Department of Computer Science
066,Nasir Khan,nasir.khan@superior.edu.pk,0320-1234567,1234,TEACHER,Department of Computer Science
067,Bushra Khan,bushra.khan@superior.edu.pk,0320-1234567,1234,TEACHER,Department of Computer Science
068,Aqeel Khan,aqeel.khan@superior.edu.pk,0320-1234567,1234,TEACHER,Department of Computer Science
069,Amber Khan,amber.khan@superior.edu.pk,0320-1234567,1234,TEACHER,Department of Computer Science
070,Tahir Khan,tahir.khan@superior.edu.pk,0320-1234567,1234,TEACHER,Department of Computer Science
071,Haleema Khan,haleema.khan@superior.edu.pk,0320-1234567,1234,TEACHER,Department of Computer Science
072,Zeeshan Khan,zeeshan.khan@superior.edu.pk,0320-1234567,1234,TEACHER,Department of Computer Science
073,Fiza Khan,fiza.khan@superior.edu.pk,0320-1234567,1234,TEACHER,Department of Computer Science
074,Hasnain Khan,hasnain.khan@superior.edu.pk,0320-1234567,1234,TEACHER,Department of Computer Science
075,Areeba Khan,areeba.khan@superior.edu.pk,0320-1234567,1234,TEACHER,Department of Computer Science
076,Shahid Khan,shahid.khan@superior.edu.pk,0320-1234567,1234,TEACHER,Department of Computer Science
077,Raheela Khan,raheela.khan@superior.edu.pk,0320-1234567,1234,TEACHER,Department of Computer Science
078,Naveed Khan,naveed.khan@superior.edu.pk,0320-1234567,1234,TEACHER,Department of Computer Science
079,Tanzila Khan,tanzila.khan@superior.edu.pk,0320-1234567,1234,TEACHER,Department of Computer Science
080,Irfan Khan,irfan.khan@superior.edu.pk,0320-1234567,1234,TEACHER,Department of Computer Science
081,Sidra Khan,sidra.khan@superior.edu.pk,0320-1234567,1234,TEACHER,Department of Computer Science
082,Qasim Khan,qasim.khan@superior.edu.pk,0320-1234567,1234,TEACHER,Department of Computer Science
083,Hafsa Khan,hafsa.khan@superior.edu.pk,0320-1234567,1234,TEACHER,Department of Computer Science
084,Mohsin Khan,mohsin.khan@superior.edu.pk,0320-1234567,1234,TEACHER,Department of Computer Science
085,Rida Khan,rida.khan@superior.edu.pk,0320-1234567,1234,TEACHER,Department of Computer Science
086,Ahmed Ahmed,ahmed.ahmed@superior.edu.pk,0320-1234567,1234,TEACHER,Department of Computer Science
087,Fatima Ahmed,fatima.ahmed@superior.edu.pk,0320-1234567,1234,TEACHER,Department of Computer Science
088,Hassan Ahmed,hassan.ahmed@superior.edu.pk,0320-1234567,1234,TEACHER,Department of Computer Science
089,Sana Ahmed,sana.ahmed@superior.edu.pk,0320-1234567,1234,TEACHER,Department of Computer Science
090,Usman Ahmed,usman.ahmed@superior.edu.pk,0320-1234567,1234,TEACHER,Department of Computer Science
091,Zara Ahmed,zara.ahmed@superior.edu.pk,0320-1234567,1234,TEACHER,Department of Computer Science
092,Bilal Ahmed,bilal.ahmed@superior.edu.pk,0320-1234567,1234,TEACHER,Department of Computer Science
093,Ayesha Ahmed,ayesha.ahmed@superior.edu.pk,0320-1234567,1234,TEACHER,Department of Computer Science
094,Hamza Ahmed,hamza.ahmed@superior.edu.pk,0320-1234567,1234,TEACHER,Department of Computer Science
095,Nadia Ahmed,nadia.ahmed@superior.edu.pk,0320-1234567,1234,TEACHER,Department of Computer Science
096,Asad Ahmed,asad.ahmed@superior.edu.pk,0320-1234567,1234,TEACHER,Department of Computer Science
097,Hina Ahmed,hina.ahmed@superior.edu.pk,0320-1234567,1234,TEACHER,Department of Computer Science
098,Omer Ahmed,omer.ahmed@superior.edu.pk,0320-1234567,1234,TEACHER,Department of Computer Science
099,Maham Ahmed,maham.ahmed@superior.edu.pk,0320-1234567,1234,TEACHER,Department of Computer Science
100,Talha Ahmed,talha.ahmed@superior.edu.pk,0320-1234567,1234,TEACHER,Department of Computer Science
101,Rabia Ahmed,rabia.ahmed@superior.edu.pk,0320-1234567,1234,TEACHER,Department of Computer Science
102,Kamran Ahmed,kamran.ahmed@superior.edu.pk,0320-1234567,1234,TEACHER,Department of Computer Science
103,Zainab Ahmed,zainab.ahmed@superior.edu.pk,0320-1234567,1234,TEACHER,Department of Computer Science
104,Danish Ahmed,danish.ahmed@superior.edu.pk,0320-1234567,1234,TEACHER,Department of Computer Science
105,Amna Ahmed,amna.ahmed@superior.edu.pk,0320-1234567,1234,TEACHER,Department of Computer Science
106,Shahzad Ahmed,shahzad.ahmed@superior.edu.pk,0320-1234567,1234,TEACHER,Department of Computer Science
107,Huma Ahmed,huma.ahmed@superior.edu.pk,0320-1234567,1234,TEACHER,Department of Computer Science
108,Faisal Ahmed,faisal.ahmed@superior.edu.pk,0320-1234567,1234,TEACHER,Department of Computer Science
109,Mehwish Ahmed,mehwish.ahmed@superior.edu.pk,0320-1234567,1234,TEACHER,Department of Computer Science
110,Imran Ahmed,imran.ahmed@superior.edu.pk,0320-1234567,1234,TEACHER,Department of Computer Science
111,Sadia Ahmed,sadia.ahmed@superior.edu.pk,0320-1234567,1234,TEACHER,Department of Computer Science
112,Umar Ahmed,umar.ahmed@superior.edu.pk,0320-1234567,1234,TEACHER,Department of Computer Science
113,Noor Ahmed,noor.ahmed@superior.edu.pk,0320-1234567,1234,TEACHER,Department of Computer Science
114,Junaid Ahmed,junaid.ahmed@superior.edu.pk,0320-1234567,1234,TEACHER,Department of Computer Science
115,Mariam Ahmed,mariam.ahmed@superior.edu.pk,0320-1234567,1234,TEACHER,Department of Computer Science
116,Usama Ahmed,usama.ahmed@superior.edu.pk,0320-1234567,1234,TEACHER,Department of Computer Science
117,Iqra Ahmed,iqra.ahmed@superior.edu.pk,0320-1234567,1234,TEACHER,Department of Computer Science
118,Saad Ahmed,saad.ahmed@superior.edu.pk,0320-1234567,1234,TEACHER,Department of Computer Science
119,Maryam Ahmed,maryam.ahmed@superior.edu.pk,0320-1234567,1234,TEACHER,Department of Computer Science
120,Tariq Ahmed,tariq.ahmed@superior.edu.pk,0320-1234567,1234,TEACHER,Department of Computer Science
121,Hira Ahmed,hira.ahmed@superior.edu.pk,0320-1234567,1234,TEACHER,Department of Computer Science
122,Zubair Ahmed,zubair.ahmed@superior.edu.pk,0320-1234567,1234,TEACHER,Department of Computer Science
123,Aisha Ahmed,aisha.ahmed@superior.edu.pk,0320-1234567,1234,TEACHER,Department of Computer Science
124,Kashif Ahmed,kashif.ahmed@superior.edu.pk,0320-1234567,1234,TEACHER,Department of Computer Science
125,Fahad Ahmed,fahad.ahmed@superior.edu.pk,0320-1234567,1234,TEACHER,Department of Computer Science
126,Waqar Ahmed,waqar.ahmed@superior.edu.pk,0320-1234567,1234,TEACHER,Department of Software Engineering
127,Lubna Ahmed,lubna.ahmed@superior.edu.pk,0320-1234567,1234,TEACHER,Department of Software Engineering
128,Nabeel Ahmed,nabeel.ahmed@superior.edu.pk,0320-1234567,1234,TEACHER,Department of Software Engineering
129,Samia Ahmed,samia.ahmed@superior.edu.pk,0320-1234567,1234,TEACHER,Department of Software Engineering
130,Adnan Ahmed,adnan.ahmed@superior.edu.pk,0320-1234567,1234,TEACHER,Department of Software Engineering
131,Farah Ahmed,farah.ahmed@superior.edu.pk,0320-1234567,1234,TEACHER,Department of Software Engineering
132,Rizwan Ahmed,rizwan.ahmed@superior.edu.pk,0320-1234567,1234,TEACHER,Department of Software Engineering
133,Naila Ahmed,naila.ahmed@superior.edu.pk,0320-1234567,1234,TEACHER,Department of Software Engineering
134,Shoaib Ahmed,shoaib.ahmed@superior.edu.pk,0320-1234567,1234,TEACHER,Department of Software Engineering
135,Sumera Ahmed,sumera.ahmed@superior.edu.pk,0320-1234567,1234,TEACHER,Department of Software Engineering
136,Babar Ahmed,babar.ahmed@superior.edu.pk,0320-1234567,1234,TEACHER,Department of Software Engineering
137,Alina Ahmed,alina.ahmed@superior.edu.pk,0320-1234567,1234,TEACHER,Department of Software Engineering
138,Mustafa Ahmed,mustafa.ahmed@superior.edu.pk,0320-1234567,1234,TEACHER,Department of Software Engineering
139,Shazia Ahmed,shazia.ahmed@superior.edu.pk,0320-1234567,1234,TEACHER,Department of Software Engineering
140,Waseem Ahmed,waseem.ahmed@superior.edu.pk,0320-1234567,1234,TEACHER,Department of Software Engineering
141,Kiran Ahmed,kiran.ahmed@superior.edu.pk,0320-1234567,1234,TEACHER,Department of Software Engineering
142,Ejaz Ahmed,ejaz.ahmed@superior.edu.pk,0320-1234567,1234,TEACHER,Department of Software Engineering
143,Saba Ahmed,saba.ahmed@superior.edu.pk,0320-1234567,1234,TEACHER,Department of Software Engineering
144,Arslan Ahmed,arslan.ahmed@superior.edu.pk,0320-1234567,1234,TEACHER,Department of Software Engineering
145,Nimra Ahmed,nimra.ahmed@superior.edu.pk,0320-1234567,1234,TEACHER,Department of Software Engineering
146,Nasir Ahmed,nasir.ahmed@superior.edu.pk,0320-1234567,1234,TEACHER,Department of Software Engineering
147,Bushra Ahmed,bushra.ahmed@superior.edu.pk,0320-1234567,1234,TEACHER,Department of Software Engineering
148,Aqeel Ahmed,aqeel.ahmed@superior.edu.pk,0320-1234567,1234,TEACHER,Department of Software Engineering
149,Amber Ahmed,amber.ahmed@superior.edu.pk,0320-1234567,1234,TEACHER,Department of Software Engineering
150,Tahir Ahmed,tahir.ahmed@superior.edu.pk,0320-1234567,1234,TEACHER,Department of Software Engineering
151,Haleema Ahmed,haleema.ahmed@superior.edu.pk,0320-1234567,1234,TEACHER,Department of Software Engineering
152,Zeeshan Ahmed,zeeshan.ahmed@superior.edu.pk,0320-1234567,1234,TEACHER,Department of Software Engineering
153,Fiza Ahmed,fiza.ahmed@superior.edu.pk,0320-1234567,1234,TEACHER,Department of Software Engineering
154,Hasnain Ahmed,hasnain.ahmed@superior.edu.pk,0320-1234567,1234,TEACHER,Department of Software Engineering
155,Areeba Ahmed,areeba.ahmed@superior.edu.pk,0320-1234567,1234,TEACHER,Department of Software Engineering
156,Shahid Ahmed,shahid.ahmed@superior.edu.pk,0320-1234567,1234,TEACHER,Department of Software Engineering
157,Raheela Ahmed,raheela.ahmed@superior.edu.pk,0320-1234567,1234,TEACHER,Department of Software Engineering
158,Naveed Ahmed,naveed.ahmed@superior.edu.pk,0320-1234567,1234,TEACHER,Department of Software Engineering
159,Tanzila Ahmed,tanzila.ahmed@superior.edu.pk,0320-1234567,1234,TEACHER,Department of Software Engineering
160,Irfan Ahmed,irfan.ahmed@superior.edu.pk,0320-1234567,1234,TEACHER,Department of Software Engineering
161,Sidra Ahmed,sidra.ahmed@superior.edu.pk,0320-1234567,1234,TEACHER,Department of Software Engineering
162,Qasim Ahmed,qasim.ahmed@superior.edu.pk,0320-1234567,1234,TEACHER,Department of Software Engineering
163,Hafsa Ahmed,hafsa.ahmed@superior.edu.pk,0320-1234567,1234,TEACHER,Department of Software Engineering
164,Mohsin Ahmed,mohsin.ahmed@superior.edu.pk,0320-1234567,1234,TEACHER,Department of Software Engineering
165,Rida Ahmed,rida.ahmed@superior.edu.pk,0320-1234567,1234,TEACHER,Department of Software Engineering
166,Ahmed Ali,ahmed.ali@superior.edu.pk,0320-1234567,1234,TEACHER,Department of Software Engineering
167,Fatima Ali,fatima.ali@superior.edu.pk,0320-1234567,1234,TEACHER,Department of Software Engineering
168,Hassan Ali,hassan.ali@superior.edu.pk,0320-1234567,1234,TEACHER,Department of Software Engineering
169,Sana Ali,sana.ali@superior.edu.pk,0320-1234567,1234,TEACHER,Department of Software Engineering
170,Usman Ali,usman.ali@superior.edu.pk,0320-1234567,1234,TEACHER,Department of Software Engineering
171,Zara Ali,zara.ali@superior.edu.pk,0320-1234567,1234,TEACHER,Department of Software Engineering
172,Bilal Ali,bilal.ali@superior.edu.pk,0320-1234567,1234,TEACHER,Department of Software Engineering
173,Ayesha Ali,ayesha.ali@superior.edu.pk,0320-1234567,1234,TEACHER,Department of Software Engineering
174,Hamza Ali,hamza.ali@superior.edu.pk,0320-1234567,1234,TEACHER,Department of Software Engineering
175,Nadia Ali,nadia.ali@superior.edu.pk,0320-1234567,1234,TEACHER,Department of Software Engineering
176,Asad Ali,asad.ali@superior.edu.pk,0320-1234567,1234,TEACHER,Department of Software Engineering
177,Hina Ali,hina.ali@superior.edu.pk,0320-1234567,1234,TEACHER,Department of Software Engineering
178,Omer Ali,omer.ali@superior.edu.pk,0320-1234567,1234,TEACHER,Department of Software Engineering
179,Maham Ali,maham.ali@superior.edu.pk,0320-1234567,1234,TEACHER,Department of Software Engineering
180,Talha Ali,talha.ali@superior.edu.pk,0320-1234567,1234,TEACHER,Department of Software Engineering
181,Rabia Ali,rabia.ali@superior.edu.pk,0320-1234567,1234,TEACHER,Department of Software Engineering
182,Kamran Ali,kamran.ali@superior.edu.pk,0320-1234567,1234,TEACHER,Department of Software Engineering
183,Zainab Ali,zainab.ali@superior.edu.pk,0320-1234567,1234,TEACHER,Department of Software Engineering
184,Danish Ali,danish.ali@superior.edu.pk,0320-1234567,1234,TEACHER,Department of Software Engineering
185,Amna Ali,amna.ali@superior.edu.pk,0320-1234567,1234,TEACHER,Department of Software Engineering
186,Shahzad Ali,shahzad.ali@superior.edu.pk,0320-1234567,1234,TEACHER,Department of Software Engineering
187,Huma Ali,huma.ali@superior.edu.pk,0320-1234567,1234,TEACHER,Department of Software Engineering
188,Faisal Ali,faisal.ali@superior.edu.pk,0320-1234567,1234,TEACHER,Department of Software Engineering
189,Mehwish Ali,mehwish.ali@superior.edu.pk,0320-1234567,1234,TEACHER,Department of Software Engineering
190,Imran Ali,imran.ali@superior.edu.pk,0320-1234567,1234,TEACHER,Department of Software Engineering
191,Sadia Ali,sadia.ali@superior.edu.pk,0320-1234567,1234,TEACHER,Department of Software Engineering
192,Umar Ali,umar.ali@superior.edu.pk,0320-1234567,1234,TEACHER,Department of Software Engineering
193,Noor Ali,noor.ali@superior.edu.pk,0320-1234567,1234,TEACHER,Department of Software Engineering
194,Junaid Ali,junaid.ali@superior.edu.pk,0320-1234567,1234,TEACHER,Department of Software Engineering
195,Mariam Ali,mariam.ali@superior.edu.pk,0320-1234567,1234,TEACHER,Department of Software Engineering
196,Usama Ali,usama.ali@superior.edu.pk,0320-1234567,1234,TEACHER,Department of Software Engineering
197,Iqra Ali,iqra.ali@superior.edu.pk,0320-1234567,1234,TEACHER,Department of Software Engineering
198,Saad Ali,saad.ali@superior.edu.pk,0320-1234567,1234,TEACHER,Department of Software Engineering
199,Maryam Ali,maryam.ali@superior.edu.pk,0320-1234567,1234,TEACHER,Department of Software Engineering
200,Tariq Ali,tariq.ali@superior.edu.pk,0320-1234567,1234,TEACHER,Department of Software Engineering
201,Hira Ali,hira.ali@superior.edu.pk,0320-1234567,1234,TEACHER,Department of Software Engineering
202,Zubair Ali,zubair.ali@superior.edu.pk,0320-1234567,1234,TEACHER,Department of Software Engineering
203,Aisha Ali,aisha.ali@superior.edu.pk,0320-1234567,1234,TEACHER,Department of Software Engineering
204,Kashif Ali,kashif.ali@superior.edu.pk,0320-1234567,1234,TEACHER,Department of Software Engineering
205,Fahad Ali,fahad.ali@superior.edu.pk,0320-1234567,1234,TEACHER,Department of Software Engineering
206,Waqar Ali,waqar.ali@superior.edu.pk,0320-1234567,1234,TEACHER,Department of Software Engineering
207,Lubna Ali,lubna.ali@superior.edu.pk,0320-1234567,1234,TEACHER,Department of Software Engineering
208,Nabeel Ali,nabeel.ali@superior.edu.pk,0320-1234567,1234,TEACHER,Department of Software Engineering
209,Samia Ali,samia.ali@superior.edu.pk,0320-1234567,1234,TEACHER,Department of Software Engineering
210,Adnan Ali,adnan.ali@superior.edu.pk,0320-1234567,1234,TEACHER,Department of Software Engineering
211,Farah Ali,farah.ali@superior.edu.pk,0320-1234567,1234,TEACHER,Department of Software Engineering
212,Rizwan Ali,rizwan.ali@superior.edu.pk,0320-1234567,1234,TEACHER,Department of Software Engineering
213,Naila Ali,naila.ali@superior.edu.pk,0320-1234567,1234,TEACHER,Department of Software Engineering
214,Shoaib Ali,shoaib.ali@superior.edu.pk,0320-1234567,1234,TEACHER,Department of Software Engineering
215,Sumera Ali,sumera.ali@superior.edu.pk,0320-1234567,1234,TEACHER,Department of Software Engineering
216,Babar Ali,babar.ali@superior.edu.pk,0320-1234567,1234,TEACHER,Department of Software Engineering
217,Alina Ali,alina.ali@superior.edu.pk,0320-1234567,1234,TEACHER,Department of Software Engineering
218,Mustafa Ali,mustafa.ali@superior.edu.pk,0320-1234567,1234,TEACHER,Department of Software Engineering
219,Shazia Ali,shazia.ali@superior.edu.pk,0320-1234567,1234,TEACHER,Department of Software Engineering
220,Waseem Ali,waseem.ali@superior.edu.pk,0320-1234567,1234,TEACHER,Department of Software Engineering
221,Kiran Ali,kiran.ali@superior.edu.pk,0320-1234567,1234,TEACHER,Department of Software Engineering
222,Ejaz Ali,ejaz.ali@superior.edu.pk,0320-1234567,1234,TEACHER,Department of Software Engineering
223,Saba Ali,saba.ali@superior.edu.pk,0320-1234567,1234,TEACHER,Department of Software Engineering
224,Arslan Ali,arslan.ali@superior.edu.pk,0320-1234567,1234,TEACHER,Department of Software Engineering
225,Nimra Ali,nimra.ali@superior.edu.pk,0320-1234567,1234,TEACHER,Department of Software Engineering
226,Nasir Ali,nasir.ali@superior.edu.pk,0320-1234567,1234,TEACHER,Department of Software Engineering
227,Bushra Ali,bushra.ali@superior.edu.pk,0320-1234567,1234,TEACHER,Department of Software Engineering
228,Aqeel Ali,aqeel.ali@superior.edu.pk,0320-1234567,1234,TEACHER,Department of Software Engineering
229,Amber Ali,amber.ali@superior.edu.pk,0320-1234567,1234,TEACHER,Department of Software Engineering
230,Tahir Ali,tahir.ali@superior.edu.pk,0320-1234567,1234,TEACHER,Department of Software Engineering
231,Haleema Ali,haleema.ali@superior.edu.pk,0320-1234567,1234,TEACHER,Department of Software Engineering
232,Zeeshan Ali,zeeshan.ali@superior.edu.pk,0320-1234567,1234,TEACHER,Department of Software Engineering
233,Fiza Ali,fiza.ali@superior.edu.pk,0320-1234567,1234,TEACHER,Department of Software Engineering
234,Hasnain Ali,hasnain.ali@superior.edu.pk,0320-1234567,1234,TEACHER,Department of Software Engineering
235,Areeba Ali,areeba.ali@superior.edu.pk,0320-1234567,1234,TEACHER,Department of Software Engineering
236,Shahid Ali,shahid.ali@superior.edu.pk,0320-1234567,1234,TEACHER,Department of Software Engineering
237,Raheela Ali,raheela.ali@superior.edu.pk,0320-1234567,1234,TEACHER,Department of Software Engineering
238,Naveed Ali,naveed.ali@superior.edu.pk,0320-1234567,1234,TEACHER,Department of Software Engineering
239,Tanzila Ali,tanzila.ali@superior.edu.pk,0320-1234567,1234,TEACHER,Department of Software Engineering
240,Irfan Ali,irfan.ali@superior.edu.pk,0320-1234567,1234,TEACHER,Department of Software Engineering
241,Sidra Ali,sidra.ali@superior.edu.pk,0320-1234567,1234,TEACHER,Department of Software Engineering
242,Qasim Ali,qasim.ali@superior.edu.pk,0320-1234567,1234,TEACHER,Department of Software Engineering
243,Hafsa Ali,hafsa.ali@superior.edu.pk,0320-1234567,1234,TEACHER,Department of Software Engineering
244,Mohsin Ali,mohsin.ali@superior.edu.pk,0320-1234567,1234,TEACHER,Department of Software Engineering
245,Rida Ali,rida.ali@superior.edu.pk,0320-1234567,1234,TEACHER,Department of Software Engineering
246,Ahmed Hassan,ahmed.hassan@superior.edu.pk,0320-1234567,1234,TEACHER,Department of Information Technology
247,Fatima Hassan,fatima.hassan@superior.edu.pk,0320-1234567,1234,TEACHER,Department of Information Technology
248,Hassan Hassan,hassan.hassan@superior.edu.pk,0320-1234567,1234,TEACHER,Department of Information Technology
249,Sana Hassan,sana.hassan@superior.edu.pk,0320-1234567,1234,TEACHER,Department of Information Technology
250,Usman Hassan,usman.hassan@superior.edu.pk,0320-1234567,1234,TEACHER,Department of Information Technology
251,Zara Hassan,zara.hassan@superior.edu.pk,0320-1234567,1234,TEACHER,Department of Information Technology
252,Bilal Hassan,bilal.hassan@superior.edu.pk,0320-1234567,1234,TEACHER,Department of Information Technology
253,Ayesha Hassan,ayesha.hassan@superior.edu.pk,0320-1234567,1234,TEACHER,Department of Information Technology
254,Hamza Hassan,hamza.hassan@superior.edu.pk,0320-1234567,1234,TEACHER,Department of Information Technology
255,Nadia Hassan,nadia.hassan@superior.edu.pk,0320-1234567,1234,TEACHER,Department of Information Technology
256,Asad Hassan,asad.hassan@superior.edu.pk,0320-1234567,1234,TEACHER,Department of Information Technology
257,Hina Hassan,hina.hassan@superior.edu.pk,0320-1234567,1234,TEACHER,Department of Information Technology
258,Omer Hassan,omer.hassan@superior.edu.pk,0320-1234567,1234,TEACHER,Department of Information Technology
259,Maham Hassan,maham.hassan@superior.edu.pk,0320-1234567,1234,TEACHER,Department of Information Technology
260,Talha Hassan,talha.hassan@superior.edu.pk,0320-1234567,1234,TEACHER,Department of Information Technology
261,Rabia Hassan,rabia.hassan@superior.edu.pk,0320-1234567,1234,TEACHER,Department of Information Technology
262,Kamran Hassan,kamran.hassan@superior.edu.pk,0320-1234567,1234,TEACHER,Department of Information Technology
263,Zainab Hassan,zainab.hassan@superior.edu.pk,0320-1234567,1234,TEACHER,Department of Information Technology
264,Danish Hassan,danish.hassan@superior.edu.pk,0320-1234567,1234,TEACHER,Department of Information Technology
265,Amna Hassan,amna.hassan@superior.edu.pk,0320-1234567,1234,TEACHER,Department of Information Technology
266,Shahzad Hassan,shahzad.hassan@superior.edu.pk,0320-1234567,1234,TEACHER,Department of Information Technology
267,Huma Hassan,huma.hassan@superior.edu.pk,0320-1234567,1234,TEACHER,Department of Information Technology
268,Faisal Hassan,faisal.hassan@superior.edu.pk,0320-1234567,1234,TEACHER,Department of Information Technology
269,Mehwish Hassan,mehwish.hassan@superior.edu.pk,0320-1234567,1234,TEACHER,Department of Information Technology
270,Imran Hassan,imran.hassan@superior.edu.pk,0320-1234567,1234,TEACHER,Department of Information Technology
271,Sadia Hassan,sadia.hassan@superior.edu.pk,0320-1234567,1234,TEACHER,Department of Information Technology
272,Umar Hassan,umar.hassan@superior.edu.pk,0320-1234567,1234,TEACHER,Department of Information Technology
273,Noor Hassan,noor.hassan@superior.edu.pk,0320-1234567,1234,TEACHER,Department of Information Technology
274,Junaid Hassan,junaid.hassan@superior.edu.pk,0320-1234567,1234,TEACHER,Department of Information Technology
275,Mariam Hassan,mariam.hassan@superior.edu.pk,0320-1234567,1234,TEACHER,Department of Information Technology
276,Usama Hassan,usama.hassan@superior.edu.pk,0320-1234567,1234,TEACHER,Department of Information Technology
277,Iqra Hassan,iqra.hassan@superior.edu.pk,0320-1234567,1234,TEACHER,Department of Information Technology
278,Saad Hassan,saad.hassan@superior.edu.pk,0320-1234567,1234,TEACHER,Department of Information Technology
279,Maryam Hassan,maryam.hassan@superior.edu.pk,0320-1234567,1234,TEACHER,Department of Information Technology
280,Tariq Hassan,tariq.hassan@superior.edu.pk,0320-1234567,1234,TEACHER,Department of Information Technology
281,Hira Hassan,hira.hassan@superior.edu.pk,0320-1234567,1234,TEACHER,Department of Information Technology
282,Zubair Hassan,zubair.hassan@superior.edu.pk,0320-1234567,1234,TEACHER,Department of Information Technology
283,Aisha Hassan,aisha.hassan@superior.edu.pk,0320-1234567,1234,TEACHER,Department of Information Technology
284,Kashif Hassan,kashif.hassan@superior.edu.pk,0320-1234567,1234,TEACHER,Department of Information Technology
285,Fahad Hassan,fahad.hassan@superior.edu.pk,0320-1234567,1234,TEACHER,Department of Information Technology
